group	individual	count	image
Apes Den	Abby	6	131224 AD AF Abby wpt4733 Sylv1_7da87e21.jpg o
Apes Den	Abby	6	080824 AD AF Athena unsure AF Abby INFM Albion wpt3216 Sylv_M1 _cd8d0d9d.jpg o r
Apes Den	Abby	6	131224 AD AF Abby wpt4749 Sylv9_bbbf83fb.jpg o
Apes Den	Abby	6	020123 AD floater AM 1442 + AF V-A77 Sylv_5_58e7080d.jpg o
Apes Den	Athena	4	131224 AD AF Athena during follow Rachida Sylv7_9b3d07fb.jpg o
Apes Den	Athena	4	061224 AD AF Athena wpt4371 Sylv3_c4baf8a6.jpg o
Apes Den	Athena	4	141223 AD AF Athena 13h45 Sylv_17_060a12fe.jpg d
Apes Den	Athena	4	131224 AD AF Athena wpt4775 Sylv1_f06f65a8.jpg o
Apes Den	Cactus	1	061224 AD AF Cactus during follow Gaston Sylv6_636adce8.jpg o
Apes Den	Cerise	1	061224 AD AF Cerise JUV INF Crumble wpt4386 Sylv2_c5f4376a.jpg o
Apes Den	Eliane	1	110125 AD AF ELIANE  WP1764 EL_J6_44db8dd5.jpg o
Apes Den	Ghost	2	080824 AD AM Ghost wpt1499 Sylv_M1_ea9d7926.jpg o
Apes Den	Josie	2	080824 AD AF Josie likely wpt3221 Sylv_M3_1e53b996.jpg o
Apes Den	Josie	2	131223 AD AF Josie unsure AM Richard wpt933 Sylv_1_f3a56913.jpg o
Apes Den	Koral	2	160124 AD SAF Koral wpt2874 Martin4_5a5af08f.jpg o
Apes Den	Koral	2	160124 AD SAF Koral wpt2874 Martin3_cdcf9b76.jpg o
Apes Den	Lola	2	131224 AD JUV2yr AF Lola unsure wpt4746 Sylv2_3f584d17.jpg o
Apes Den	Mathilde	3	150125 AD AF Mathilde during follow Josie Sylv1_2b97eb99.jpg o
Apes Den	Mathilde	3	141223 AD AF Mathilde wpt948 Sylv_3_bb8e40cc.jpg o
Apes Den	Mickey after move to AD	1	110125 AD AM MICKEY 1724 EL_J2_07269ac5.jpg o
Apes Den	Peach	1	131224 AD SAF Peach wpt4734 Sylv4_012c92a6.jpg o
Apes Den	Rachida	4	150125 AD AF Rachida unsure during follow Ghost Sylv2_43ef3b8f.jpg o
Apes Den	Rachida	4	150125 AD AF Rachida unsure during follow Ghost Sylv1 o
Apes Den	Rachida	4	080124 AD AF Rachida AF Madison wpt1236 Sylv_M1 o
Apes Den	Rachida	4	160124 AD AF Rachida 15h04 Martin3_eedd3f35.jpg o
Apes Den	Simon	1	140124 AD AM Simon JUVM Gaston wpt1413 Sylv_d3d83319.jpg o
Apes Den	Theresa	2	141223 AD  AF Theresa wpt958 Sylv_8_5e6399e4.jpg o
Apes Den	Theresa	2	061224 AD AF Theresa JUVF2yr wpt4367 Sylv5_8702c0cd.jpg d
Apes Den	Warty	1	061224 AD AM Warty wpt4407 Sylv10_153a599d.jpg o
Cable Car	Adele	3	130125 CC AF Adele unsure during follow Noname Sylv8_efae9c6d.jpg o
Cable Car	Agathe	4	090824 CC AF Agathe Paulette wpt3271 Sylv1_6f22e67a.jpg o
Cable Car	Agathe	4	030923 CC AF P3 Jess2_d3d0fde4.jpg o
Cable Car	Agathe	4	101223 CC AF Agathe during follow Sylv_3_949e8bd6.jpg o
Cable Car	Batman	1	111224 CC AM Batman wpt4666 Sylv2_a009b2af.jpg o
Cable Car	Bobby	3	120124 CC AF Bobby wpt1367 SylvM3_1a9bad49.jpg o
Cable Car	Bobby	3	111223 CC AF Bobby wpt859 Sylv_189e4909.jpg o
Cable Car	Charly	3	P1010762_912ef801.jpg o
Cable Car	Charly	3	P1010760_7e9d8c1c.jpg o
Cable Car	Charly	3	P1010759_6223e43a.jpg o
Cable Car	Crassus	2	120124 CC AM Crassus wpt1358 SylvM2_f7413b9c.jpg o
Cable Car	Crassus	2	120124 CC AM Crassus wpt1358 SylvM3_fb5b7fdc.jpg o
Cable Car	Fanta	2	P1010718_933c0d6c.jpg o
Cable Car   Fanta   2   101223 CC AF Fanta wpt793 Sylv_2.jpg o			
Cable Car	Fleur	1	111224 CC AF Fleur during follow Agathe Sylv6_cropped_a58230a6.jpg o
Cable Car	Georgina	1	120124 CC AF Georgina INFF Goulei SAF wpt1326 SylvM4_def8c36c.jpg o
Cable Car	Lona	1	P1040250_29293bc8.jpg o
Cable Car	Paulette	2	090824 CC AF Paulette INF JUVF wpt3245 Sylv_M1_efc10515.jpg o
Cable Car	Roselyne	2	100923 CC AF Roselyne wpt2626 Sylv_7_d010bd79.jpg o
Cable Car	Roselyne	2	100923 CC AF Roselyne Sylv_5_5a344d06.jpg o
Cable Car	Sage	3	260823 CC SAM Sage 13h40 Sylv_10_24e27147.jpg o
Cable Car	Sage	3	P1020435_bad7e515.jpg o
Cable Car	Sage	3	P1010172_e59d385c.jpg o
Cable Car	Sophie	2	080824 CC AF Sophie wpt1504 Rossy_M2_4cc6772c.jpg o
Cable Car	Sophie	2	111224 CC AF Sophie during follow Marge Sylv1_f8e3be91.jpg o
Cable Car	Thales W22-23	2	P1010853_848b75cc.jpg o
Cable Car	Thales W22-23	2	P1010852_bce01d7c.jpg o
Cable Car	Triton	5	030923 CC AM Triton Jess3_7c3ebd34.jpg o
Cable Car	Triton	5	140824 CC AM Triton 11h24 AM Fred Sylv4_0611dfb6.jpg o
Cable Car	Triton	5	010923 CC AM Triton wpt576 Jess1_006f267a.jpg o
Cable Car	Triton	5	140824 CC AM Triton 11h24 AM Fred Sylv6_76da0c86.jpg o
Cable Car	Yvonne	1	140824 CC AF Yvonne wpt3509 SylvM1_6c898663.jpg o
Middle Hill	Chips	2	181223 MH AM Chips wpt1068 Sylv_1_e1723686.jpg o
Middle Hill	Chips	2	100124 MH AM Chips wpt1271 Sylv_M1_0fd149a8.jpg o
Middle Hill	Gustave	1	100824 MH AM Gustave INFF wpt3339 Sylv_M1_d7e4c254.jpg o
Middle Hill	Kasha	2	181223 MH AF Kasha mum INFM Kulrich Sylv_4_ef699009.jpg o
Middle Hill	Kasha	2	071224 MH AF Kasha INF wpt4447 Sylv1_8b5614d0.jpg o
Middle Hill	Lata	2	100824 MH AF Lata wpt3332 Sylv4_0f7fc517.jpg o
Middle Hill	Pia	2	100824 MH AF Pia 13h18 RG Am Pachtoune Sylv_f0b6e780.jpg o
Middle Hill	Pia	2	181223 MH AF Pia AM Chips wpt1106 Sylv_6ac3a9e0.jpg o
Middle Hill	Spinoza	4	071224 MH AF AM Spinoza wpt4427 Sylv6_3844711a.jpg o
Middle Hill	Spinoza	4	100824 MH Am Spinoza wpt3332 Sylv1_24e9e00e.jpg o
Middle Hill	Spinoza	4	100824 MH Am Spinoza wpt3332 Sylv2_caa05b64.jpg o
Middle Hill	Tonka	2	120923 MH AF1 Tonka AF2 Goblin wpt2761 Sylv_2_79a5418a.jpg o
O'Hara	Alexa	5	280823 OH Q-C113 Alexa Sylv_5_042e86da.jpg o
O'Hara	Alexa	5	070824 OH AF Alexa JUVM Rey INFM wpt1387 Sylv_M1_0f2e7e64.jpg o
O'Hara	Alexa	5	070824 OH AF Alexa INFM wpt1387 Sylv_M4_79a9f0c6.jpg d
O'Hara	Layla	3	060923 OH AF Layla wpt2489 Syl_2_5ac0b436.jpg o
O'Hara	Layla	3	0912242OH AF Layla grr Alexa during follow Bank Sylv1_9135d65c.jpg o
Prince Philip Arch	Alex	1	160823 PPA Alex_89d9b646.jpg o
Prince Philip Arch	Cyril	2	211222 PPA AM O-Y 1631 Sylv_4_8649fe5d.jpg o
Prince Philip Arch	Cyril	2	140124 PPA AM Cyril 14h53 AF Mel Sylv2_43e9ef4a.jpg o
Prince Philip Arch	Jock	3	151223 PPA AM Jock wpt995 Sylv_2_6169c46c.jpg o
Prince Philip Arch	Jock	3	081224 PPA AM Jock wpt4500 Sylv4_dbffe579.jpg o
Prince Philip Arch	Jordi	2	050923 PPA AF Jordi 18h46 Sylv_3_1e3b10d3.jpg o
Prince Philip Arch	Mel	1	130124 PPA AM Foxy AF Mel wpt1403 Sylv_205006b4.jpg o
Prince Philip Arch	Ruby	2	140824 PPA AF Ruby wpt3562 SylvM1_2deedbe1.jpg o
Prince Philip Arch	Ruby	2	081224 PPA AF Ruby INFM Rio during follow Quartz Sylv3_62a45029.jpg o
Prince Philip Arch	Scarlet	1	101224 PPA AM Wally SAF Scarlet wpt4552 Sylv1_7b79cf3f.jpg o
Rock Gun	Anara	1	120923 RG AF1 Anara Af2 Peach INFM Mitch wpt2759 Sylv_2_0a3d1e84.jpg o
Rock Gun	Castaf	1	280823 RG AM3 Michel AF2 CLio right INF1 Cilic AF3 Castaf left wpt2214 Sylv_b6611ad7.jpg o
Rock Gun	Lucien	1	121223 RG AM2 Lucien INF Sylv_3_c775827a.jpg o
Rock Gun	Rachid	1	280823 RG AM2 Rachid INF1 Cilic wpt2214 Sylv_2_3ececad6.jpg o
Rock Gun	Tripatte	1	240823 RG AF Tripatte wpt2043 SylvJ_1 _b8e54b13.jpg o r
Royal Anglian Way	Alice	2	170124 AW AF Alice wpt2901 Martin_6c12bb77.jpg o
Royal Anglian Way	Drew	5	170124 AW AM Coco AF Drew before follow Martin6_c4b940b5.jpg o
Royal Anglian Way	Drew	5	070124 AW AF Drew wpt1164 Sylv_M4_8288c922.jpg o
Royal Anglian Way	Drew	5	170124 AW AF Drew during follow Martin1_2dd128fd.jpg o
Royal Anglian Way	Julia	3	P1030124_59e3281e.jpg o
Royal Anglian Way	Kyky	4	110824 AW AF Kyky wpt3393 Sylv_M2_44689f20.jpg o
Royal Anglian Way	Kyky	4	170124 AW AF Kyky Am Coco during follow Martin2_ee764d08.jpg o
Royal Anglian Way	Kyky	4	070124 AW AF Kyky Cynthia JUVF wpt1197 Sylv_M1_f20ea432.jpg o
Royal Anglian Way	Coco	1	170124 AW AF Kyky Am Coco during follow Martin2_d100792b.jpg o
Royal Anglian Way	Mickey before emigrating	1	P1010610_aeb853ab.jpg o
Royal Anglian Way	Rocky	2	P1020237_ac741e58.jpg o
Royal Anglian Way	Victor	2	P1020180_8a1ba2fe.jpg o
Royal Anglian Way	Victor	2	130125 AW AM Victor wpt4868 Sylv1_J_a4758cb0.jpg o
